Movie Number,Title,Type,Run Time,Year,Rating,Imdb
1,The Quiet Man,DR,129,1952,PG,http://www.imdb.com/title/tt0045061/ 
2,Some Like It Hot,CO,122,1959,U,http://www.imdb.com/title/tt0053291/ 
3,The Magnificent Seven,DR,128,1960,U,http://www.imdb.com/title/tt0054047/ 
4,Dr. No,AC,110,1962,U,http://www.imdb.com/title/tt0055928/ 
5,The Great Escape,AC,172,1963,U,http://www.imdb.com/title/tt0057115/ 
6,Goldfinger,AC,110,1964,U,http://www.imdb.com/title/tt0058150/ 
7,In Harm's Way,DR,167,1965,U,http://www.imdb.com/title/tt0059309/ 
8,Bull Durham,DR,108,1988,R,http://www.imdb.com/title/tt0094812/ 
9,Butch Cassidy & The Sundance Kid,DR,110,1969,PG,http://www.imdb.com/title/tt0064115/ 
10,The Godfather (Part 1),DR,175,1972,R,http://www.imdb.com/title/tt0068646/ 
11,The Godfather (Part 2),DR,200,1974,R,http://www.imdb.com/title/tt0071562/ 
12,The Godfather (Part 3),DR,170,1990,R,http://www.imdb.com/title/tt0099674/ 
13,The Paper Chase,DR,112,1973,PG,http://www.imdb.com/title/tt0070509/ 
14,The Man With The Golden Gun,AC,125,1974,PG,http://www.imdb.com/title/tt0071807/ 
15,Carwash,CO,96,1976,PG,http://www.imdb.com/title/tt0074281/ 
16,The Spy Who Loved Me,AC,125,,,
17,Private Benjamin,CO,110,,,
18,Altered States,SF,103,,,
19,The Road Warrior,SF,95,,,
20,Mad Max - Beyond Thunderdome,SF,107,,,
21,The Right Stuff,DR,193,,,
22,The Man With Two Brains,CO,90,,,
23,Eddie And The Cruisers,DR,95,,,
24,Home Alone,CO,103,,,
25,Home Alone 2,CO,120,,,
26,Red Dawn,DR,114,,,
27,Hangmen,DR,88,,,
28,Soap Dish,CO,96,,,
29,Total Recall,SF,113,,,
30,License To Kill,AC,133,,,
31,When Harry Met Sally,CO,96,,,
32,Going Overboard,CO,97,,,
33,Millenium,SF,108,,,
34,Pump Up The Volume,DR,102,,,
35,The Bonfire Of The Vanities,DR,126,,,
36,The Butterfly Effect,DR,120,,,
37,The Boondock Saints,DR,108,,,
38,Hoosiers,DR,114,,,
39,The Full Monty,CO,92,,,
40,The Silence Of The Lambs,TH,118,,,
41,Hannibal,TH,131,,,
42,Red Dragon,TH,125,,,
43,A League Of Their Own,CO,127,,,
44,Huff,DR,695,,,
45,The Lawnmower Man,TH,108,,,
46,Sneakers,DR,126,,,
47,The Darjeeling Limited,CO DR,91,,R,
48,WKRP in Cincinati (Season 1),CO,532,,,
49,Freejack,SF,110,,,
50,Three Musketeers,DR,105,,,
51,Sleepless in Seattle,CO,105,,,
52,The 4400 Season 2,SF,560,,,http://www.imdb.com/title/tt0389564/ 
53,Philadelphia,DR,125,,,
54,Pulp Fiction,DR,154,,,
55,The Cowboy Way,CO,107,,,
56,The Shawshank Redemption,DR,142,,,
57,The Puppet Masters,TH,109,,,
58,The Eagle Has Landed,DR,134,,,
59,Major League ll,CO,105,,,
60,Hackers,DR,105,,,
61,Boys On The Side,CO,117,,,
62,Ghostbusters Parts 1 and 2,CO,213,,,
63,Get Shorty,DR,105,,,
64,The Usual Suspects,DR,105,,,
65,Heat,DR,172,,,
66,Goldeneye,AC,130,,,
67,House (Season 1),DR,1002,,,
68,House (Season 2),DR,1024,,,
69,The WE Wing (Season 6),DR,949,,,
70,Dr. Detroit,CO,91,,,
71,Tomorrow Never Dies,AC,117,,,
72,The Replacement Killers,AC,88,,,
73,Conspiracy Theory,TH,135,,,
74,The Fifth Element,SF,126,,,
75,Jackie Brown,DR,154,,,
76,Rough Magic,DR,104,,,
77,Lean On Me,DR,109,,,
78,The Man In The Iron Mask,AC,132,,,
79,Wildthings,TH,108,,,
80,Sphere,SF,135,,,
81,Con Air,DR,115,,,
82,Stir Of Echoes,TH,94,,,
83,Any Given Sunday,DR,156,,,
84,Hudson Hawk,DR,100,,,
85,Sister Act,CO,100,,,
86,MY Alaska,CO,119,,,
87,"Chronicles of Narnia: The Lion, The Witch & The Wardrobe",FA,135,,,
88,The Matrix,SF,136,,,
89,Cinderella Man,DR,145,,,
90,X-Men ? The Last Stand,AC,104,,,
91,Remember The Titans,DR,114,,,
92,Finding Forrester,DR,136,,,
93,Girl Interrupted,DR,127,,,
94,Chocolat,DR,122,,,
95,The Brothers Grimm,FA,118,,,
96,Space Cowboys,DR,130,,,
97,The Cell,TH,107,,,
98,"Kiss,Kiss, Bang,Bang",DR,103,,,
99,The Exorcism of Emily Rose,DR,122,,,
100,Frequency,DR,119,,,
101,The Scent of a Woman,DR,157,,,
102,Legally Blonde,CO,96,,,
103,Aeon Flux,FA,92,,,
104,The Fast And The Furious,AC,107,,,
105,A Knight's Tale,AC,132,,,
106,The Mummy Returns,AC,130,,,
107,Tomb Raider,AC,100,,,
108,Final Cut,TH,105,,,
109,3000 Miles To Graceland,DR,125,,,
110,Harry Potter l,FA,152,,,
111,Harry Potter ll,FA,161,,,
112,Swordfish,AC,99,,,
113,Ocean's Eleven,DR,130,,,
114,In Her Shoes,CO,130,,,
115,Lord Of The Rings l,FA,178,,,
116,Ice Age ? The Meltdown,AN,91,,,
117,Novocaine,CO,95,,,
118,The Last Castle,DR,133,,,
119,Memoirs of a Geisha,DR,145,,,
120,Monsters Inc.,AN,93,,,
121,Vanilla Sky,DR,135,,,
122,K-Pax,SF,121,,,
123,The Shadow,FA,108,,,
124,Sixteen Candles,CO,93,,,
125,24 (Season 1),DR,1440,2001,,http://www.imdb.com/title/tt0285331/ 
126,Underworld Evolution,SF,106,,,
127,The Musketeer,DR,105,,,
128,Divine Secrets Of The Ya-Ya Sisterhood,CO,116,,,
129,A Beautiful Mind,DR,136,,,
130,Riding In Cars With Boys,CO,131,,,
131,The Scorpion King,FA,92,,,
132,Spy Game,AC,127,,,
133,Star Wars (Attack Of The Clones),FA,142,,,
134,Minority Report,SF,146,,,
135,Spiderman,FA,121,,,
136,Men In Black ll,SF,88,,,
137,Formula 51,DR,93,,,
138,Witness,DR,112,,,
139,The Shipping News,DR,111,,,
140,Don Juan Demarco,DR,92,,,
141,The Bourne Identity,AC,119,,,
142,Die Another Day,AC,132,,,
143,Ballistic: Ecks vs Sever,AC,91,,,
144,Road To Perdition,DR,117,,,
145,A History of Violence,DR,96,,,
146,Michael,CO,106,,,
147,Canadian Bacon,CO,95,,,
148,The Rookie,DR,127,,,
149,Monster's Ball,DR,112,,,
150,Miami Vice,AC,140,,,
151,A Prairie Home Companion,CO,106,,,
152,Windtalkers,AC,134,,,
153,XXX,AC,124,,,
154,A Scanner Darkly,TH,100,,,
155,We Were Soldiers,AC,138,,,
156,Invincible,DR,104,,,
157,Six Feet Under - 1st Season,DR,780,,,
158,The DaVinci Code,DR,149,,,
159,Pirates of the Carribean ? Dead Mans Chest,CO,150,,,
160,Mission Impossible 3,DR,125,,,
161,Sweet Home Alabama,CO,109,,,
162,Simone,SF,117,,,
163,Rescue Me ? Season 1,DR,594,,,
164,Eight Men Out,DR,120,,,
165,Diner,DR,110,,,
166,Rescue Me ? Season 2,DR,574,,,
167,Dogma,FA,128,,,
168,The Art Of War,AC,116,,,
169,The Long Kiss Goodnight,AC,120,,,
170,Gattica,SF,106,1997,PG-13,http://www.imdb.com/title/tt0119177/ 
171,Big Trouble In Little China,FA,99,,,
172,The Family Stone,CO,103,,,
173,Entrapment,AC,113,,,
174,Desperado,AC,103,,,
175,The Ring,TH,115,,,
176,Memento,TH,113,,,
177,Edward Scissorhands,FA,100,,,
178,Patton,AC,171,,,
179,The ADs of Baron Munchausen,CO,127,,,
180,Johnny Mnemonic,SF,98,,,
181,Femme Fatale,TH,114,,,
182,K*19,AC,137,,,
183,Tequila Sunrise,DR,115,,,
184,Carnivale - 1st Season,FA,720,,,
185,You Only Live Twice,AC,117,,,
186,From Russia With Love,AC,115,,,
187,Diamonds Are Forever,AC,120,,,
188,Moonraker,AC,126,,,
189,The Living Daylights,AC,131,,,
190,For Your Eyes Only,AC,128,,,
191,The World Is Not Enough,AC,128,,,
192,Thunderball,AC,130,,,
193,On Her Majesty's Secret Service,AC,142,,,
194,Live And Let Die,AC,121,,,
195,Octopussy,AC,131,,,
196,A View To A Kill,AC,131,,,
197,Northfork,DR,103,,,
198,Sweet November,DR,120,,,
199,Future Shock,SF,107,,,
200,The Departed,DR,151,,,
201,Nevada Smith,WE,130,,,
202,Chinatown,DR,130,,,
203,Rescue Me (Season 3),CO,106,,,
204,Communion,SF,101,,,
205,Hollow Man,TH,113,,,
206,Little Big Man,WE,139,,,
207,Cocoon - The Return,CO,116,,,
208,With Honours,DR,101,,,
209,The January Man,DR,97,,,
210,V for Vendetta,DR,132,,,
211,Bandits,AC CO,123,,,
212,Bridgit Jones's Diary,CO,98,,,
213,The Sting,DR,129,,,
214,Jumpin Jack Flash,CO,105,,,
215,Cube 2 - Hypercube,SF,94,,,
216,The Safety Of Objects,DR,120,,,
217,Tiger Warsaw,DR,92,,,
218,Higher Learning,DR,127,,,
219,The Man Who Wasn't There,DR,116,,,
220,Peggy Sue Got Married,CO,102,,,
221,The Prestige,DR,130,,,
222,The Illusionist,DR,130,,,
223,The Saint,AC,118,,,
224,Three Kings,AC,115,,,
225,The Thirteenth Floor,SF,100,,,
226,Igby Goes Down,CO,98,,,
227,Winged Migration,DO,89,,,
228,Cat Ballou,WE,96,,,
229,Time Bandits,AC,116,,,
230,Scrooged,CO,100,,,
231,The Jewel of the Nile,AC,106,,,
232,Simon Birch,CO,114,,,
233,Mulholland Dr,TH,147,,,
234,D‚j… Vu,DR,124,,,
235,Y Tu Mama Tambien,DR,100,,,
236,Finding Graceland,DR,97,,,
237,My House In Umbria,DR,103,,,
238,Bulletproof Monk,AC,104,,,
239,Midnight In The Garden Of Good And Evil,DR,155,,,
240,Night at the Museum,CO,110,,,
241,Casino Royal,AC,144,,,
242,The Good Shepherd,DR,168,,,
243,Requiem For A Dream,DR,102,,,
244,Escape From New York,AC,99,,,
245,Dark City,TH,96,,,
246,The Paper   ,CO,112,,,
247,Timecop,SF,99,,,
248,Twin Peaks Fire Walk With Me,DR,134,,,
249,Spartan,TH,107,,,
250,The Unit (Season 1),DR,564,2006,,http://www.imdb.com/title/tt0460690/ 
251,Shooter,AC,125,,,
252,Something To Talk About,CO,106,,,
253,The Truth About Cats And Dogs,CO,99,,,
254,City Hall,TH,111,,,
255,Red Planet,SF,107,,,
256,War Games,TH,113,,,
257,The Day After,AC,127,,,
258,Hook,CO,142,,,
259,Ghost Rider,CO,113,,,
260,The Dream Team,CO,113,,,
261,The Return Of The Pink Panther,CO,113,,,
262,The Celestine Prophesy,AD,100,,,
264,Cosmos,DO,,,,
264,The 4400 - Season 1,SF,256,2004,,http://www.imdb.com/title/tt0389564/ 
265,The Lord Of The Rings - The Two Towers,FA,179,,,
266,The Lord Of The Rings - The Return Of The King,FA,200,,,
267,Rising Sun,DR,129,,,
268,Christmas Vacation,CO,97,,,
269,Ferris Bueller's Day Off,CO,102,,,
270,Mary Poppins,CO,139,,,
271,Wild Hogs,CO,100,,,
272,Romancing The Stone,CO,106,,,
273,Taken - Episode 1,SF,60,2002,,http://www.imdb.com/title/tt0289830/ 
274,Taken - Volume 2,SF,185,2002,,http://www.imdb.com/title/tt0289830/ 
275,Taken - Volume 3,SF,188,2002,,http://www.imdb.com/title/tt0289830/ 
276,Taken - Volume 4,SF,182,2002,,http://www.imdb.com/title/tt0289830/ 
277,Taken - Volume 5,SF,184,2002,,http://www.imdb.com/title/tt0289830/ 
278,Tango & Cash,AC,104,,,
279,Children Of A Lesser God,DR,118,,,
280,Truman,Bio,131,,,
281,3 Days Of The Condor,TH,117,,,
282,One Night At McCool's,CO,93,,,
283,Stand By Me,DR,88,,,
284,Burglar,CO,102,,,
285,The Betsy,DR,125,,,
286,Labyrinth,FA,102,,,
287,Grand Canyon,DR,137,,,
288,High Fidelity,CO,114,,,
289,The Postman,DR,178,,,
290,ANatrix,AN,89,,,
291,The Gingerbread Man,TH,114,,,
292,Billy Jack,WE,114,,,
293,Very Bad Things,CO,100,,,
294,Eddie   ,CO,100,,,
295,My Fellow Americans,CO,101,,,
296,The Hunt For Red October,AC,135,,,
297,Fargo,DR CO,98,,,
298,Hocus Pocus,CO,96,,,
299,Wall Street,DR,126,,,
300,The Sandlot,CO,101,,,
301,Rain Man,CO,134,,,
302,The Graduate,DR CO,96,,,
303,Tea With Mussolini,DR,117,,,
304,The Goonies,CO,114,,,
305,North To Alaska,CO,122,,,
306,McLintock,WE,126,,,
307,Stepmom,DR,125,,,
308,The Horse Whisperer,DR,169,,,
309,The Full Monty,CO,95,,,
310,The In-Laws,CO,98,,,
311,The Replacements,CO,118,,,
312,The General's Daughter,TH,116,,,
313,First Knight,DR,133,,,
314,Schindler's List,DR,196,,,
315,Cradle 2 The Grave,AC,101,,,
316,Last AC Hero,AC,130,,,
317,Dreamcatcher,TH,134,,,
318,Waterworld,AC,136,,,
319,Flatliners,TH,114,,,
320,Coyote Ugly,CO,101,,,
321,Dark Blue,DR,118,,,
322,The Core,AC,134,,,
323,Exit Wounds,AC,101,,,
324,The Bone Collector,TH,118,,,
325,The Last Samurai,AC,154,,,
326,Basic,AC,99,,,
327,Half Past Dead,AC,98,,,
328,Calendar Girls,CO,108,,,
329,X2 - X-Men United,AC,134,,,
330,The Rundown,AC,115,,,
331,The Recruit,TH,115,,,
332,Hollywood Homocide,AC,116,,,
333,Seabiscuit,DR,141,,,
334,Gangs Of New York,DR,167,,,
335,The Hunted,TH,94,,,
336,Something's Gotta Give,CO,128,,,
337,Mystic River,TH,138,,,
338,Radio,DR,109,,,
339,Charlie's Angels - Full Throttle,AC,107,,,
340,Lost In Translation,DR CO,102,,,
341,Out Of Time,TH,105,,,
342,What Women Want,CO,126,,,
343,Big Fish,DR,125,,,
344,Bad Boys,AC,119,,,
345,Bad Boys ll,AC,147,,,
346,A Man Apart,AC,105,,,
347,Hidalgo,AC,136,,,
348,Kill Bill - Volume 1,AC,111,,,
349,Kill Bill - Volume 2,AC,137,,,
350,Pirates of the Carribean At Worlds End,AC,169,,,
351,John Wayne - Screen Legend,WE,543,,,
352,Flashback,CO,107,,,
353,Secondhand Lions,CO,110,,,
354,Confessions Of A Dangerous Mind,CO TH,114,,,
355,Love Actually,CO,135,,,
356,Barbershop,CO,102,,,
357,Stealing Home,DR,98,,,
358,The Santa Clause,CO,97,,,
359,What's Eating Gilbert Grape,DR CO,117,,,
360,Music From Another Room,DR,104,,,
361,Bagdad Caf‚,DR,92,,,
362,House - Season 3,DR,1050,,,
363,Good Will Hunting,DR,126,,,
364,Name of the Rose,DR,131,,,
365,Once Upon A Time In Mexico,AC,102,,,
366,El Mariachi,AC,81,,,
367,Desperado,AC,103,,,
368,The Ladykillers,CO,104,,,
369,The Matrix Reloaded,SF,138,,,
370,Mona Lisa Smile,CO,120,,,
371,Walking Tall,AC,86,,,
372,SWAT,AC,117,,,
373,The Punisher,AC,123,,,
374,Shrek the Third,AN,92,,,
375,The Italian Job,AC,110,,,
376,Shrek 2,AN,92,,,
377,Uptown Girls,CO,92,,,
378,Collateral,TH,120,,,
379,Pirates Of The Caribbean -Curse Of The Black Pearl,AC,143,,,
380,Brother Bear,AN,85,,,
381,Master And Commander,AC,138,,,
382,Chicago,MU,113,,,
383,Empire Falls,DR,195,,,
384,Bruce Almighty,CO,102,,,
385,Miracle,AC,136,,,
386,Bringing Down The House,CO,105,,,
387,Oceans Thirteen,AC,122,,,
388,Welcome To Mooseport,CO,115,,,
389,The Whole Ten Yards,CO,99,,,
390,The Day After Tomorrow,AC,123,,,
391,The Bourne Supremacy,AC,109,,,
392,The Stepford Wives,CO,92,,,
393,The Terminal,CO,129,,,
394,The Hero,AC,99,,,
395,The Village,TH,108,,,
396,Dead Like Me - Season 1,DR,627,,,
397,Cracker - Series 1,DR,364,,,
398,Cracker - Series 2,DR,468,,,
399,Cracker - Series 3,DR,465,,,
400,The West Wing - Season 1,DR,956,,,
401,The West Wing - Season 2,DR,954,,,http://www.imdb.com/title/tt0200276/ 
402,The West Wing - Season 3,DR,954,,,http://www.imdb.com/title/tt0200276/ 
403,Die Hard,AC,132,,,http://www.imdb.com/title/tt0200276/ 
404,Die Hard 2 - Die Harder,AC,124,,,
405,Die Hard With A Vengeance,AC,131,,,
406,Indiana Jones - Raiders Of The Lost Ark,AC,115,,,
407,Indiana Jones - Temple Of Doom,AC,118,,,
408,Indiana Jones - Last Crusade,AC,126,,,
409,The Pink Panther Collection - The Pink Panther,CO,115,,,
410,The Pink Panther Collection - A Shot In The Dark,CO,102,,,
411,The Pink Panther Collection - The P P Strikes Again,CO,103,,,
412,The Pink Panther Collection - Revenge of The P P ,CO,103,,,
413,The Pink Panther Collection - Trail Of The P P ,CO,97,,,
414,Daredevil,AC,103,,,
415,The League of Extraordinary Gentlemen,AC,110,,,
416,The Transporter,AC,92,,,
417,Cocoon,SF,117,,,
418,Under The Tuscan Sun,RO CO,113,,,
419,Underworld,AC SF,121,,,
420,Harry Potter - Order of the Phoenix,FA,139,,,
421,Dungeon & Dragons,FA,107,,,
422,Tomb Raider : The Cradle of Life,AC,117,,,
423,Blade Runner,SF,117,,,
424,Stardust,FA,127,,,
425,The Astronaut's Wife,DR,110,,,
426,Man On Fire,AC,146,,,
427,Laws of AttrAC,CO,90,,,
428,Three Men & A Baby,CO,102,,,
429,The Matrix Revolutions,SF,129,,,
430,"I, Robot",SF ADV,114,,,
431,Finding Nemo,AN,100,,,
432,The Chronicles of Riddick,SF ADV,120,,,
433,War,AC,103,,,
434,Harry Potter & The Prisoner of Azkaban,FA,142,,,
435,The Princess Diaries,CO,115,,,
436,King Arthur,"AC, Adv.",139,,,
437,Children of Men,DR,110,,,
438,Lady in the Water,FA,109,,,
439,Zodiac,DR,157,,,
440,Van Helsing,"AC, FA.",132,,,
441,Mulan,AN,88,,,
442,28 Days,CO,103,,PG-13,http://www.imdb.com/title/tt0191754/ 
443,The Mexican,RO CO,123,,,
444,Chill Factor,AC CO,102,,,
445,Willow,FA,126,,,
446,A Good Year,RO CO,118,,,
447,The Cutting Edge,CO,102,,,
448,Running with Scissors,CO,122,,,
449,Brazil : Disc 1,,142,,,
450,Brazil : Disc 2,,,,,
451,Brazil : Disc 3,,86,,,
452,Star Wars - A New Hope,SF,123,,,
453,Star Wars - The Empire Strikes Back,SF,129,,,
454,Star Wars - Return of The Jedi,SF,136,,,
455,Star Wars - Bonus Material,DO,236,,,
456,Sky Captain And The World Of Tomorrow,SF,106,,,
457,Lethal Weapon,AC,117,,,
458,Lethal Weapon 2,AC,114,,,
459,Lethal Weapon 3,AC,121,,,
460,Twins,CO,107,,,
461,The Ref,CO,97,,,
462,Seven Years in Tibet,DR,136,,,
463,Beverly Hills Cop ,AC CO,105,,,
464,Beverly Hills Cop 2,AC CO,102,,,
465,The Longest Yard,AC CO,113,,,
466,The West Wing ? Season 4,DR,1000,,,http://www.imdb.com/title/tt0200276/ 
467,The West Wing ? Season 5,DR,946,,,http://www.imdb.com/title/tt0200276/ 
468,The Lords of Flatbush,DR CO,84,,,
469,Stranded,SF,99,,,
470,Where Eagles Dare,AC,155,,,
471,Sudden Impact,AC,117,,,
472,Saturday Night Fever,MU,118,,,
473,Flashdance,DR,94,,,
474,Chasing Amy,DR CO,113,,,
475,The Dark Crystal,FA,94,,,
476,Brainstorm,SF,106,,,
477,Mad Max,SF,94,,,
478,Ghost,DR CO,126,,,
479,St. Elmo's Fire,DR,108,,,
480,The Golden Child,AC CO,93,,,
481,Mash,CO,116,,,
482,Ripley's Game,DR,110,,,
483,Be Cool,CO,120,,,
484,Flight of the Phoenix,DR,113,,,
485,Meet The Fockers,CO,116,,,
486,Coach Carter,DR CO,136,,,
487,The Aviator,DR,170,,,
488,Steel Magnolias,DR CO,119,,,
489,Hardball,DR CO,106,,,
490,Baby Boom,CO,110,,,
491,The Cooler,DR,102,,,
492,Mulholland Falls,DR,107,,,
493,Barabbas,DR,137,,,
494,Stranger Than Paradise,DR,89,,,
495,Starman,SF,115,,,
496,Crash,DR,122,,,
497,House of D,DR CO,97,,,
498,The War of the Roses,DR,116,,,
499,Constantine,DR,121,,,
500,Star Wars 3-Revenge of the Sith,SF,140,,,
501,Ocean's Twelve,DR CO,125,,,
502,Face Off,DR,140,,,
503,Sahara,AC CO,123,,,
504,Tootsie,CO,116,,,
505,Revelations,DR,270,,,
506,Moonlighting ? Seasons 1 & 2,CO,1200,,,
507,Finding Neverland,CO,101,,,
508,The Ascent of Man-Volumes 1-13,DO,780,,,
509,The Princess Diaries 2,CO,113,,,
510,The Quick and The Dead,WE,105,,,
511,Save the Last Dance,DR,112,,,
512,Legally Blonde 2,CO,95,,,
513,Shall We Dance,MU,106,,,
514,Ladder 49,DR,115,,,
515,Jumanji,AD,104,,,
516,Unleashed,AC,12,,,
517,Robots,AN,89,,,
518,Fried Green Tomatoes,CO,137,,,
519,The Interpreter,DR,129,,,
520,True Lies,AC CO,141,,,
521,Elektra,AC,96,,,
522,Shark Tale,AN,90,,,
523,Lemony Snicket's A Series of Unfortunate Events,FA,107,,,
524,The Upside of Anger,DR CO,117,,,
525,Miss Congeniality 2,CO,115,,,
526,Good Morning Vietnam,DR CO,121,,,
527,Ray,DR,153,,,
528,Hitch,CO,118,,,
529,Trading Places,CO,116,,,
530,Stripes,CO,107,,,
531,After The Sunset,DR CO,98,,,
532,The Forgotten,DR,91,,,
533,Spider-man 2,AC,128,,,
534,Blade Trinity,AC,113,,,
535,Catwoman,AC,104,,,
536,Madagascar,AN,86,,,
537,The Breakfast Club,CO,98,,,
538,Serenity,SF,119,,,
539,Backdraft,DR,135,,,
540,Lord of War,AC,121,,,
541,Transporter 2,AC,87,,,
542,Must Love Dogs,CO,98,,,
543,Four Brothers,DR,108,,,
544,The Marksman,AC,95,,,
545,The Big Chill,DR CO,106,,,
546,Mr. & Mrs. Smith,AC,120,,,
547,Harry Potter & the Goblet of Fire,FA,157,,,
548,Domino,AC,128,,,
549,The Incredibles,AN,115,,,
550,Once Upon a Time in the WE,WE,165,,,
551,Hello Dolly,MU,148,,,
552,Batman Begins,AC,140,,,
553,National Treasure,AC,131,,,
554,The Legend of Zorro,AC,130,,,
555,Fantastic 4,FA,106,,,
556,The Big Easy,DR,100,,,
557,Guarding Tess,CO,95,,,
558,CSI Season 1,DR,1025,2001,,http://www.imdb.com/title/tt0247082/ 
559,CSI Season 2,DR,1005,,,http://www.imdb.com/title/tt0247082/ 
560,CSI Season 3,DR,1022,,,http://www.imdb.com/title/tt0247082/ 
561,CSI Season 4,DR,994,,,http://www.imdb.com/title/tt0247082/ 
562,CSI Season 5,DR,1088,,,http://www.imdb.com/title/tt0247082/ 
563,CSI Season 6,DR,1041,,,http://www.imdb.com/title/tt0247082/ 
564,The TV Set,CO,88,,,
565,Premonition,DR,96,,,
566,Mr Brooks,DR,121,,,
567,The Kingdom,AC,110,,,
568,Eastern Provinces,DR,101,,,
569,Escape From LA,AC,100,,,
570,Rush Hour 3,CO,90,,,
571,US Marshals,AC,131,,,
572,Last Man Standing,DR,101,,,
573,3:10 to Yuma,WE,122,,,
574,The Unit Season 2,DR,1025,,,http://www.imdb.com/title/tt0460690/ 
575,Sands of Iwo Jima,DR,109,,,
576,Flying Tigers,DR,101,,,
577,Wake of the Red Witch,DR,106,,,
578,Bourne Ultimatum,DR,116,,,
579,Live Free or Die Hard,AC,129,,,
580,Twin Peaks ,DR,1501,,,
581,Criminal Minds Season 1,DR,955,,,http://www.imdb.com/title/tt0452046/ 
582,Criminal Minds Season 2,DR,947,,,http://www.imdb.com/title/tt0452046/ 
583,John From Cincinnati,DR,600,,,
584,Crossing Jordan Season 1,DR,1017,,,
585,Burn Notice Season 1,AC,532,2007,PG,http://www.imdb.com/title/tt0810788/ 
586,NCIS Season 1,DR,1009,2003,PG,http://www.imdb.com/title/tt0364845/ 
587,NCIS Season 2,DR,1007,2004,PG,http://www.imdb.com/title/tt0364845/ 
588,NCIS Season 3,DR,1057,2005,PG,http://www.imdb.com/title/tt0364845/ 
589,NCIS Season 4,DR,1053,2006,PG,http://www.imdb.com/title/tt0364845/ 
590,NCIS Season 5,DR,836,2007,PG,http://www.imdb.com/title/tt0364845/ 
591,CSI Season 7,DR,1045,,,http://www.imdb.com/title/tt0247082/ 
592,Saving Grace Season 1,DR,576,,,
593,Dexter Season 2,DR,636,,,
594,The Jackal,DR,125,,,
595,What Dreams May Come,DR,114,,,
596,Ghandi,DR,191,,,
597,Trading Places,CO,116,,,
598,Repo Man ,DR,93,,,
599,The Final Countdown,DR,102,,,
600,DARYL,AC,100,,,
601,Explorers,FA,108,,,
602,Star Wars 1 - The Phantom Menace,SF,,,,
603,I'm not There,DR,133,,,
604,Death at a Funeral,CO,91,,,
605,GI Jane,AC,125,,,
606,Bolero,DR,105,,,
607,Down and Out in Beverly Hills,CO,103,,,
608,The Legend of Bagger Vance,DR,127,,,
609,MacArthur,AC,130,1977,PG,http://www.imdb.com/title/tt0076342/ 
610,I am Legend,SF,100,2007,PG-13,http://www.imdb.com/title/tt0480249/ 
611,Sweeney Todd: The Demon Barber of Fleet Street,DR,116,2007,R,http://www.imdb.com/title/tt0408236/ 
612,The Bucket List,CO,96,2007,PG-13,http://www.imdb.com/title/tt0825232/ 
613,National Treasure (2): The Book of Secrets,AC,125,2007,PG,http://www.imdb.com/title/tt0465234/ 
614,The Bank Job,DR,110,2008,R,http://www.imdb.com/title/tt0200465/ 
615,The Forbidden Kingdom,AC,104,2008,PG-13,http://www.imdb.com/title/tt0865556/ 
616,The Art of War - Betrayal,AC,103,2008,R,http://www.imdb.com/title/tt1233571/ 
617,Reign Over Me,DR,124,2007,R,http://www.imdb.com/title/tt0490204/ 
618,88 Minutes,DR,107,2007,R,http://www.imdb.com/title/tt0411061/ 
619,Hancock,AC,102,2008,PG-13,http://www.imdb.com/title/tt0448157/ 
620,Quantum of Solace,AC,106,2008,PG-13,http://www.imdb.com/title/tt0830515/ 
621,Gran Torino,DR,116,2008,R,http://www.imdb.com/title/tt1205489/ 
622,The Mummy ,AC,112,1999,PG-13,http://www.imdb.com/title/tt0120616/ 
623,Burn After Reading,CO,96,2008,R,http://www.imdb.com/title/tt0887883/ 
624,How The West Was Won,WE,164,1962,U,http://www.imdb.com/title/tt0056085/ 
625,Sex and the City - The Movie,CO,145,2010,R,http://www.imdb.com/title/tt1261945/ 
626,Beowulf,FA,114,2007,PG-13,http://www.imdb.com/title/tt0442933/ 
627,Vantage Point,AC,90,2008,PG-13,http://www.imdb.com/title/tt0443274/ 
628,Highlander,AC,116,1986,R,http://www.imdb.com/title/tt0091203/ 
629,The Curious Case of Benjamin Button,DR,165,,,
630,The Commitments,DR,118,,,
631,Hart's War,AC,125,,,
632,Wanted,AC,110,,,
633,Babe,CO,92,,,
634,The Fountain,DR,96,,,
635,Traitor,AC,114,,,
636,Wall E,AN,98,,,
637,Kung Fu Panda,AN,88,,,
638,Indiana Jones and the Kingdom of The Crystal Skull,AC,122,,,
639,Underworld - Rise of the Lycans,FA,92,,,
640,The Dark Knight,DR,153,,,
641,Papillon,DR,151,,,
642,Elf,CO,95,,,
643,Harry Potter and The Half Blood Prince,FA,153,,,
644,Terminator - Salvation,AC,115,,,
645,Ice Age - Dawn of The Dinosaurs,AN,94,,,
646,Bangkok Dangerous,AC,100,,,
647,Donovan's Reef,CO,108,1963,,
648,The Big Lebowski,CO,118,,,
649,The Happening,TH,90,,,
650,The X Files - I Want to Believe,SF,104,,,
651,The Fifth Element,SF,125,,,
652,The Gift,DR,111,,,
653,The Black Hole,SF,90,,,
654,Final Days of Planet Earth,SF,170,,,
655,The Last Sentinel,SF,94,,,
656,Supernova,SF,172,,,
657,Spaceballs,CO,96,,,
658,The Gathering,TH,87,,,
659,The Triangle,SF,255,,,
660,The Maiden Heist,CO,90,,,
661,X Men Origins - Wolverine,AC,107,,,
662,G.I. Joe - The Rise of Cobra,AC,117,,,
663,Julia and Jacques,FD ED DO,590,,,
664,Pride and Glory,AC,130,,,
665,1900,DR,315,,,
666,Transporter 3,AC,104,,,
667,Hombre,WE,111,1967,U,http://www.imdb.com/title/tt0061770/ 
668,What The Bleep Do We Know (What the #$*! Do We (K)now!?),FA ED,108,2004,U,http://www.imdb.com/title/tt0399877/ 
669,Angels & Demons,DR,138,,,http://www.imdb.com/title/tt0808151/ 
670,The Princess Bride,CO,98,1987,PG,http://www.imdb.com/title/tt0093779/ 
671,Music and Lyrics,CO,104,2007,PG-13,http://www.imdb.com/title/tt0758766/ 
672,P.S. I Love You,CO,127,2007,PG-13,http://www.imdb.com/title/tt0431308/ 
673,2010 The Year We Make Contact,SF,116,1984,PG,http://www.imdb.com/title/tt0086837/ 
674,The Caveman's Valentine,TH,106,2001,R,http://www.imdb.com/title/tt0182000/ 
675,Body of Lies,DR,128,2008,R,http://www.imdb.com/title/tt0758774/ 
676,Kissing Jessica Stein,CO,97,2001,R,http://www.imdb.com/title/tt0264761/ 
677,From Paris With Love,DR,93,2010,R,http://www.imdb.com/title/tt1179034/ 
678,Star Trek,SF,127,2009,PG-13,http://www.imdb.com/title/tt0796366/  
679,Transformers - Revenge of the Fallen,SF,149,2009,PG-13,http://www.imdb.com/title/tt1055369/ 
680,It's Complicated,CO,121,2009,R,http://www.imdb.com/title/tt1230414/ 
681,Inglorious Bastards,AC,153,,,
682,Ironman,AC,125,,,
683,The Book of Eli,AC,118,,,
684,Sherlock Holmes,DR,128,,,
685,The Men Who Stare at Goats,CO,94,,,
686,The Blind Side,DR,128,,,
687,Across The Universe,MU,133,,,
688,Avatar,FA,162,,,
689,No Country For Old Men,TH,122,,,
690,Julie & Julia,CO,123,,,
691,The Taking of Pelham 123,DR,106,,,
692,The Hurt Locker,DR,130,,,
693,The Girl With The Dragon Tattoo,TH,152,,,
694,Date Night,CO,88,,,
695,CSI Season 8,DR,942,,,http://www.imdb.com/title/tt0247082/ 
696,CSI Season 9,DR,1042,,,http://www.imdb.com/title/tt0247082/ 
697,Criminal Minds - Season 3,DR,860,,,http://www.imdb.com/title/tt0452046/ 
698,Criminal Minds - Season 4,DR,1107,,,http://www.imdb.com/title/tt0452046/ 
699,Criminal Minds - Season 5,DR,977,,,http://www.imdb.com/title/tt0452046/ 
700,NCIS - Season 6,DR,1086,2008,PG,http://www.imdb.com/title/tt0364845/ 
701,NCIS - Season 7,DR,1039,2009,PG,http://www.imdb.com/title/tt0364845/ 
702,The Unit - Season 3,DR,484,,,http://www.imdb.com/title/tt0460690/ 
703,The Unit - Season 4 ( Final ),DR,968,,,http://www.imdb.com/title/tt0460690/ 
704,Moonlighting - Season 3,MY,660,,,
705,Moonlighting - Season 4,MY,660,,,
706,Moonlighting - Season 5 ( Final ),MY,559,,,
707,Burn Notice Season 2,DR,684,,PG,http://www.imdb.com/title/tt0810788/ 
708,Burn Notice Season 3,DR,704,,PG,http://www.imdb.com/title/tt0810788/ 
709,The West Wing Season 6,DR,949,,U,http://www.imdb.com/title/tt0200276/ 
710,The West Wing Season 7,DR,957,,U,http://www.imdb.com/title/tt0200276/ 
711,Flashpoint Season 1,DR,550,2008,PG,http://www.imdb.com/title/tt1059475/ 
712,Flashpoint Season 2,DR,337,2009,PG,http://www.imdb.com/title/tt1059475/ 
713,Dexter Season 1,DR,650,2006,R,http://www.imdb.com/title/tt0773262/ 
714,Dexter Season 3,DR,629,2007,R,http://www.imdb.com/title/tt0773262/ 
715,"The Cleaner, Season 1",DR,580,2008,U,http://www.imdb.com/title/tt1103973/ 
716,Band of Brothers,DR,705,2001,U,http://www.imdb.com/title/tt0185906/ 
717,"Ally McBeal, The Complete Series",DR CO,5040,1997-2002,U,http://www.imdb.com/title/tt0118254/ 
718,The X-Files Season 1,SF,1089,1993,U,http://www.imdb.com/title/tt0106179/ 
719,The X-Files Season 2,SF,1134,1994,U,http://www.imdb.com/title/tt0106179/ 
720,The X-Files Season 3,SF,1071,1995,U,http://www.imdb.com/title/tt0106179/ 
721,The X-Files Season 4,SF,1089,1996,U,http://www.imdb.com/title/tt0106179/ 
722,The X-Files Season 5,SF,903,1997,U,http://www.imdb.com/title/tt0106179/ 
723,The X-Files Season 6,SF,991,1998,U,http://www.imdb.com/title/tt0106179/ 
724,The X-Files Season 7,SF,975,1998,U,http://www.imdb.com/title/tt0106179/ 
725,The X-Files Season 8,SF,902,1999,U,http://www.imdb.com/title/tt0106179/ 
726,The X-Files Season 9,SF,881,2000,U,http://www.imdb.com/title/tt0106179/ 
727,The Pacific,DR,,,,
728,Carnivale ? Season 2,DR,720,2010,TV-MA,
729,Dances With Wolves,DR,236,1990,PG-13,
730,Renaissance Man,CO,128,,PG-13,
731,The Expendables,AC,103,2010,R,
732,Robin Hood,DR,141,2010,PG-13,
733,The 13th Warrior,AC-FA,103,,R,
734,Second Sight,CO,85,1989,PG,
735,Salt,AC,100,2010,PG-13,
736,Bottle Shock,CO,109,2008,PG-13,
737,Shrek,AN,89,2010,PG,
738,Shrek ? Forever After,AN,93,2010,PG,
739,The Witches of Eastwick,CO,118,1987,R,
740,Vicky Cristina Barcelona,CO,97,2008,PG-13,
741,Burn Notice Season 4,AC,773,2010,,
742,Ironman 2,AC,124,2010,PG-13,
743,A Christmas Carol,AN-CO,96,2010,PG,
744,RED,AC,111,2010,PG-13,
745,The Girl Who Played With Fire,DR,129,2010,R,
746,The Girl Who Kicked The Hornet's Nest,DR,129,2011,R,
747,Independence Day,SF,145,1996,PG-13,
748,Harry Potter & the Deathly Hallows ? Part 1,FA,146,2010,PG-13,
749,The Adjustment Bureau,SF,106,2011,PG-13,
750,Harry potter & the Deathly Hallows ? Part 2,FA,130,2011,PG-13,
751,Independence Day,SF,119,2011,PG-13,
752,X Men First Class,SF  ,132,2011,PG-13,
753,The Help,CO,146,2011,PG-13,
754,Hanna,DR-AC,111,2011,PG-13,
755,White Christmas ? Irving Berlin,MU,120,1954,NR,
756,Haywire,AC,93,2012,R,
757,Mission Impossible ? Ghost Protocol,AC,132,2011,PG-13,
758,Contraband,DR-AC,110,2012,R,
759,NCIS- Season 8,DR,1033,2011,NR,
760,Criminal Minds ? Season 6,DR,1022,2011,NR,
761,The Mentalist ? Season 1,DR,998,2009,NR,
762,The Mentalist ? Season 2,DR,985,2010,NR,
763,The Mentalist ? Season 3,DR,1022,2011,NR,
764,The Mentalist ? Season 4,DR,1013,2012,,
765,The Taming of the Shrew,CO,123,1967,,
766,Criminal Minds ? Season 7,DR,1020,,,
767,Person of Interest ? Season 1,DR,1008,,,
768,Flashpoint ? Season 3,DR,572,,,
769,Murdoch Mysteries ? Movie Collection,DR,269,,,
770,Murdoch Mysteries ? Season 1,DR,598,,,
771,Murdoch Mysteries ? Season 2,,,,,
772,Murdoch Mysteries ? Season 3,,,,,
773,Murdoch Mysteries ? Season 4,,,,,
774,Burn Notice ? Season 5,DR,774,,,
775,NCIS ? Season 9,DR,1026,,,
776,Hatfields & McCoys,DR,290,,,
777,The Greatest Game Ever Played,DR,120,,,
778,John Carter,FA,132,,,
779,Prometheus,SF,124,,,
780,TRON,SF,125,,,
781,Sherlock Holmes ? A Game of Shadows,DR,129,,,
782,The Dark Knight Rises,DR,165,,,
783,The Bourne Legacy,DR,135,,,
784,Looper,SF,119,,,
785,The Expendables 2,AC,102,,,
786,Brave,AN,93,,,
787,Snow White & the Huntsman,FA,128,,,
788,Skyfall ? 007,AC,143,,,
789,Trouble With the Curve,DR,111,,,
790,The Hobbit,FA,169,,,
791,Undercover Blues,CO,90,,,
792,The Wizard of Oz,FA,102,,,
793,The Hunger Games,SF,142,,,
794,Elysium,SF,109,,,
795,The Family,ACCO,111,,,
796,Red 2,ACCO,116,,,
797,High Road to China,ACCO,105,,,
798,The Hobbit -Desolation of Smaug,FA,161,,,
799,Longmire - 1st season,DR,443,,,
800,Elementary - 1st season,DR,1038,,,
801,Perception - 1st season,DR,425,,,
802,Act of Valor,AC,111,,,
803,George Gently ? season 1-4,DR,985,,,
804,George Gently ? season 5,DR,354,,,
805,Flashpoint Season 4,DR,786,,,
806,Flashpoint Final season,DR,594,,,
807,The Mentalist ? Season 5,DR,932,,,
808,Person of Interest ? Season 2,DR,964,,,
809,NCIS - Season 10,DR,1028,,,
810,Sherlock - 1st season,DR,260,,,
811,Sherlock - 2nd season,DR,266,,,
812,Sherlock ? 3rd season,DR,270,,,
813,Game of Thrones - 1st season,FA,600,,,
814,Game of Thrones - 2nd  season,FA,542,,,
815,Game of Thrones - 3rd  season,FA,555,,,
816,Game of Thrones - 4th season,FA   ,560,,,
817,Game of Thrones - 5th season,,,,,
818,"Downton Abbey ? Seasons 1,2,3 &4",DR,1950,,,
819,Downton Abbey ? Season 5,DR,525,,,
820,Downton Abbey ? Final Season,,,,,
821,NCIS - Season 11,DR,1034,,,
822,NCIS - Season 12,DR,1030,,,
823,NCIS - Season 13,,,,,
824,Sherlock ? The Abominable Bride,DR,86,,,
825,Holiday Inn,MU,101,,,
826,VI Warshawski,AC,89,,,
827,August: Osage County,DR,121,,,
828,Rescuers & Rescuers Down Under,AN,156,,,
829,The Little Mermaid,AN,83,,,
830,The Jungle Book,AN,78,,,
831,UP,AN,96,,,
832,Ant-Man,DR,117,,,
834,Once Upon A Time in America,DR,229,,,
835,Despicable Me,AN,95,,,
836,Despicable Me 2,AN,90,,,
837,Lucy,AC-TH,90,,,
838,Guardians of the Galaxy,FA,121,,,
839,The Hobbit ? The Battle of the 5 Armies,FA,144,,,
840,Mad Max ? Fury Road,AC,120,,,
841,The Man From UNCLE,AC,116,,,
,,,,,,
